ticker,fold,test_start,test_end,bars,model_return_pct,buy_hold_return_pct,excess_return_pct,max_drawdown_pct,trades,wins,losses,win_rate_pct,best_trade_pct,worst_trade_pct
INTC,1,2020-07-20,2021-07-16,251,0.366,-10.1063,10.4723,-7.3804,27,17,10,62.963,8.1945,-10.7671
INTC,2,2021-07-19,2022-07-15,251,-13.1343,-29.3192,16.1848,-20.5628,6,0,6,0.0,-2.1849,-14.4729
INTC,3,2022-07-18,2023-07-17,251,6.3649,-11.2116,17.5765,-14.062,3,1,2,33.3333,3.7151,-3.8926
INTC,4,2023-07-18,2024-07-16,251,-2.7898,-0.4638,-2.3261,-27.6261,1,1,0,100.0,29.0119,29.0119
INTC,5,2024-07-17,2025-07-21,253,-1.7982,-32.5014,30.7032,-16.067,5,3,2,60.0,16.7384,-36.0587
NFLX,1,2020-07-20,2021-07-16,251,-7.5355,5.5532,-13.0887,-12.4928,24,11,13,45.8333,8.0443,-10.8172
NFLX,2,2021-07-19,2022-07-15,251,-17.3918,-64.4717,47.0799,-29.9809,11,4,7,36.3636,16.8899,-49.609
NFLX,3,2022-07-18,2023-07-17,251,44.743,135.727,-90.9841,-12.4839,6,6,0,100.0,41.3688,2.5606
NFLX,4,2023-07-18,2024-07-16,251,0.6288,38.2308,-37.602,-7.7554,1,0,1,0.0,-3.5889,-3.5889
NFLX,5,2024-07-17,2025-07-21,253,0.0,90.4782,-90.4782,0.0,0,0,0,0.0,0.0,0.0
NVDA,1,2020-07-20,2021-07-16,251,8.6078,72.785,-64.1772,-8.4276,9,7,2,77.7778,11.2297,-5.3668
NVDA,2,2021-07-19,2022-07-15,251,16.095,-16.0692,32.1642,-23.9807,10,7,3,70.0,57.1946,-28.0981
NVDA,3,2022-07-18,2023-07-17,251,48.8332,188.5597,-139.7265,-16.0308,8,7,1,87.5,7.1263,-5.9604
NVDA,4,2023-07-18,2024-07-16,251,0.0,166.0547,-166.0547,0.0,0,0,0,0.0,0.0,0.0
NVDA,5,2024-07-17,2025-07-21,253,27.5378,45.2496,-17.7118,-19.4484,4,2,2,50.0,13.1609,-5.3092
